{
  "currencies": [
    "USD", "EUR", "GBP", "JPY", "CHF", "AUD", "CAD", "SEK", "NOK", "DKK",
    "HKD", "SGD", "NZD", "ZAR", "BRL", "MXN", "CNY", "INR", "KRW", "THB"
  ],
  "financial_institutions": [
    "Goldman Sachs", "Morgan Stanley", "JP Morgan", "Citibank", "Bank of America",
    "Deutsche Bank", "UBS", "Credit Suisse", "Barclays", "HSBC", "BNP Paribas",
    "Societe Generale", "ING", "Santander", "UniCredit", "Commerzbank",
    "Wells Fargo", "Royal Bank of Canada", "TD Bank", "Scotiabank",
    "Nomura", "Mizuho", "SMBC", "Credit Agricole", "ABN AMRO"
  ],
  "products": [
    "Interest Rate Swap", "Credit Default Swap", "FX Forward", "FX Option",
    "Equity Option", "Bond Future", "Commodity Future", "Swaption",
    "Cap", "Floor", "Collar", "Digital Option", "Barrier Option",
    "Asian Option", "European Option", "American Option", "Bermudan Option",
    "Total Return Swap", "Equity Swap", "Currency Swap", "Cross Currency Swap",
    "Inflation Swap", "Variance Swap", "Volatility Swap"
  ],
  "risk_measures": [
    "PV01", "DV01", "CS01", "IR01", "Delta", "Gamma", "Vega", "Theta", "Rho",
    "VaR", "Expected Shortfall", "Credit Exposure", "Potential Future Exposure",
    "Credit Value Adjustment", "Debit Value Adjustment", "Funding Value Adjustment",
    "Initial Margin", "Variation Margin", "Credit Support Annex", "Economic Capital"
  ],
  "exception_types": [
    "Trade Break", "Settlement Fail", "Margin Call", "Threshold Breach",
    "Limit Exceeded", "Missing Data", "Price Deviation", "Credit Breach",
    "Operational Risk", "Market Risk", "Counterparty Risk", "Liquidity Risk",
    "Model Risk", "Legal Risk", "Regulatory Breach", "KYC Issue",
    "AML Alert", "Sanctions Screening", "PEP Check", "Adverse Media"
  ],
  "regulatory_terms": [
    "BASEL III", "CCAR", "DFAST", "MiFID II", "EMIR", "Dodd-Frank",
    "BCBS", "ISDA", "CFTC", "SEC", "FCA", "BaFin", "ESMA", "EBA",
    "FRTB", "SA-CCR", "CEM", "IMM", "SIMM", "ISDA SIMM"
  ],
  "trade_status": [
    "New", "Amended", "Cancelled", "Settled", "Failed", "Pending",
    "Confirmed", "Unconfirmed", "Matched", "Unmatched", "Disputed",
    "Under Investigation", "Resolved", "Escalated"
  ]
}
