{
  "trade_id": [
    {
      "pattern": "\\b(trade[\\s-]?id|ref|reference|deal[\\s-]?id|ticket)[\\s:=]+([A-Z0-9-]{6,20})\\b",
      "group": 2,
      "confidence": 0.9,
      "flags": "IGNORECASE"
    },
    {
      "pattern": "\\b([A-Z]{2,4}\\d{6,12})\\b",
      "group": 1,
      "confidence": 0.7,
      "flags": "NONE"
    }
  ],
  "amount": [
    {
      "pattern": "\\b(amount|notional|principal|value)[\\s:=]+([\\d,]+\\.?\\d*)\\b",
      "group": 2,
      "confidence": 0.8,
      "flags": "IGNORECASE"
    },
    {
      "pattern": "\\b(USD|EUR|GBP|JPY|CHF)\\s*([\\d,]+\\.?\\d*)\\b",
      "group": 2,
      "confidence": 0.9,
      "flags": "IGNORECASE"
    },
    {
      "pattern": "\\b([\\d,]+\\.?\\d*)\\s*(USD|EUR|GBP|JPY|CHF|million|billion|MM|BN)\\b",
      "group": 1,
      "confidence": 0.8,
      "flags": "IGNORECASE"
    }
  ],
  "currency": [
    {
      "pattern": "\\b(currency|ccy)[\\s:=]+([A-Z]{3})\\b",
      "group": 2,
      "confidence": 0.9,
      "flags": "IGNORECASE"
    },
    {
      "pattern": "\\b(USD|EUR|GBP|JPY|CHF|AUD|CAD|SEK|NOK|DKK)\\b",
      "group": 1,
      "confidence": 0.8,
      "flags": "NONE"
    }
  ],
  "counterparty": [
    {
      "pattern": "\\b(counterparty|cp|client|customer)[\\s:=]+([A-Z][A-Za-z\\s&]+(?:Ltd|LLC|Inc|Corp|AG|SA|plc|Limited))\\b",
      "group": 2,
      "confidence": 0.8,
      "flags": "IGNORECASE"
    },
    {
      "pattern": "\\b([A-Z][A-Za-z\\s&]+(?:Bank|Capital|Securities|Investment|Trading|Financial|Fund))\\b",
      "group": 1,
      "confidence": 0.7,
      "flags": "NONE"
    }
  ],
  "product": [
    {
      "pattern": "\\b(product|instrument|asset)[\\s:=]+([\\w\\s]+)\\b",
      "group": 2,
      "confidence": 0.7,
      "flags": "IGNORECASE"
    },
    {
      "pattern": "\\b(swap|option|forward|future|bond|equity|fx|credit|derivative)\\b",
      "group": 1,
      "confidence": 0.8,
      "flags": "IGNORECASE"
    }
  ],
  "date": [
    {
      "pattern": "\\b(trade[\\s-]?date|value[\\s-]?date|settlement[\\s-]?date|maturity)[\\s:=]+(\\d{1,2}[-/]\\d{1,2}[-/]\\d{2,4})\\b",
      "group": 2,
      "confidence": 0.9,
      "flags": "IGNORECASE"
    },
    {
      "pattern": "\\b(\\d{1,2}[-/]\\d{1,2}[-/]\\d{2,4})\\b",
      "group": 1,
      "confidence": 0.6,
      "flags": "NONE"
    }
  ],
  "portfolio": [
    {
      "pattern": "\\b(portfolio|book|desk)[\\s:=]+([A-Z0-9_-]+)\\b",
      "group": 2,
      "confidence": 0.8,
      "flags": "IGNORECASE"
    }
  ],
  "trader": [
    {
      "pattern": "\\b(trader|sales|originator)[\\s:=]+([A-Z][a-z]+\\s[A-Z][a-z]+)\\b",
      "group": 2,
      "confidence": 0.7,
      "flags": "IGNORECASE"
    }
  ],
  "risk_metric": [
    {
      "pattern": "\\b(pv01|dv01|gamma|vega|theta|delta)[\\s:=]+([-+]?[\\d,]+\\.?\\d*)\\b",
      "group": 0,
      "confidence": 0.9,
      "flags": "IGNORECASE"
    },
    {
      "pattern": "\\b(var|stressed[\\s-]?var|credit[\\s-]?exposure)[\\s:=]+([\\d,]+\\.?\\d*)\\b",
      "group": 0,
      "confidence": 0.8,
      "flags": "IGNORECASE"
    }
  ],
  "exception_type": [
    {
      "pattern": "\\b(exception|error|breach|violation|alert)[\\s:=]+([\\w\\s]+)\\b",
      "group": 2,
      "confidence": 0.7,
      "flags": "IGNORECASE"
    },
    {
      "pattern": "\\b(threshold[\\s-]?breach|limit[\\s-]?exceeded|missing[\\s-]?data|trade[\\s-]?break)\\b",
      "group": 1,
      "confidence": 0.9,
      "flags": "IGNORECASE"
    }
  ]
}
